,subreddit,antisemitic,islamophobic,disability,gender,national_origin,race_color,sexual_orientation,transphobic,sum,cluster
2,4chan,0.0030015007503751876,0.0015007503751875938,0.04102051025512756,0.058529264632316155,0.06603301650825413,0.06303151575787894,0.02351175587793897,0.030015007503751877,0.2866433216608304,General hate
3,8chan,0.008008008008008008,0.0025025025025025025,0.03153153153153153,0.05555555555555555,0.06856856856856856,0.062062062062062065,0.03203203203203203,0.03003003003003003,0.29029029029029024,General hate
4,actualwomen,0.0005717552887364208,0.0011435105774728416,0.009148084619782733,0.061177815894797025,0.01429388221841052,0.003430531732418525,0.009148084619782733,0.009719839908519153,0.10863350485991996,Misogynistic
5,aganistgaymarriage,0.0024096385542168677,0.0030120481927710845,0.02650602409638554,0.031927710843373494,0.030120481927710843,0.02891566265060241,0.277710843373494,0.04879518072289157,0.44939759036144583,Anti-LGBTQ
6,altright,0.043,0.015,0.0185,0.037,0.117,0.1525,0.0085,0.011,0.4025,Racist
7,amberlynn,0.0,0.001,0.0365,0.225,0.015,0.0105,0.0005,0.012,0.30050000000000004,Misogynistic
8,anarchy,0.007637752318603383,0.00436442989634479,0.019094380796508457,0.0430987452264048,0.11402073104200763,0.07037643207855974,0.006546644844517185,0.03546099290780142,0.3006001091107474,Xenophobic
9,antifa,0.0045,0.0105,0.026,0.0355,0.1815,0.1345,0.032,0.023,0.4475,Xenophobic
10,antipozi,0.04243008678881389,0.01832208293153327,0.04628736740597879,0.07232401157184185,0.07907425265188042,0.10993249758919961,0.11668273866923819,0.04243008678881389,0.5274831243972999,General hate
11,asiansissification,0.0,0.0,0.004502251125562781,0.07453726863431716,0.007503751875937969,0.058029014507253625,0.002001000500250125,0.01250625312656328,0.15907953976988493,Misogynistic
12,ask_radical_feminists,0.0,0.0031685678073510772,0.005703422053231939,0.08935361216730038,0.012040557667934094,0.012674271229404309,0.013307984790874524,0.031685678073510776,0.1679340937896071,Misogynistic
13,askagp,0.0,0.0,0.007533902561526871,0.01757910597689603,0.007533902561526871,0.0030135610246107484,0.022601707684580613,0.027624309392265192,0.08588648920140632,Anti-LGBTQ
14,askanincel,0.0005,0.0,0.0255,0.0945,0.019,0.025,0.018,0.015,0.19749999999999995,Misogynistic
16,askseddit,0.0,0.0,0.007003501750875438,0.09054527263631816,0.0080040020010005,0.004502251125562781,0.004502251125562781,0.0065032516258129065,0.12106053026513257,Misogynistic
17,askthe_donald,0.002001000500250125,0.009504752376188095,0.014007003501750876,0.04552276138069034,0.128064032016008,0.10005002501250625,0.0030015007503751876,0.02001000500250125,0.32216108054027015,Xenophobic
18,asktrp,0.0005,0.0,0.015,0.178,0.0115,0.0105,0.005,0.011,0.23150000000000004,Misogynistic
19,assignedmale,0.0015,0.002,0.03,0.105,0.0415,0.031,0.017,0.062,0.29000000000000004,General hate
20,aznidentity,0.002001000500250125,0.0025012506253126563,0.004502251125562781,0.03551775887943972,0.0830415207603802,0.28264132066033015,0.0025012506253126563,0.01200600300150075,0.424712356178089,Racist
22,bannedfromme_irl,0.0035714285714285713,0.0014285714285714286,0.04071428571428572,0.06928571428571428,0.08785714285714286,0.04642857142857143,0.015,0.04,0.30428571428571427,General hate
23,becomeaman,0.0010005002501250625,0.0010005002501250625,0.016008004002001,0.053526763381690844,0.018509254627313655,0.010505252626313157,0.007003501750875438,0.02051025512756378,0.128064032016008,General hate
24,billionshekelsupreme,0.0225,0.0055,0.0255,0.0625,0.072,0.104,0.024,0.039,0.355,General hate
25,blackpillscience,0.0005,0.001,0.0155,0.067,0.0165,0.0305,0.005,0.0125,0.14850000000000002,Misogynistic
26,braincels,0.0005,0.002,0.0465,0.116,0.0405,0.054,0.016,0.026,0.30150000000000005,General hate
27,candidfashionpolice,0.0,0.0,0.008,0.168,0.0235,0.0355,0.004,0.017,0.256,Misogynistic
28,cbts_stream,0.002,0.0045,0.014,0.03,0.111,0.0725,0.004,0.009,0.247,Xenophobic
29,ccj2,0.006,0.0025,0.026,0.0475,0.1345,0.0925,0.05,0.012,0.37100000000000005,Xenophobic
30,chapotraphouse,0.006,0.0025,0.017,0.056,0.123,0.104,0.0055,0.0215,0.3355,Xenophobic
31,chodi,0.001,0.024,0.012,0.03,0.094,0.0485,0.0035,0.02,0.233,Islamophobic
32,clown__world,0.0115,0.005,0.0375,0.0535,0.094,0.14,0.024,0.041,0.40650000000000003,General hate
33,clownworldwar,0.0225,0.0135,0.031,0.062,0.0895,0.117,0.0375,0.042,0.415,General hate
36,conspiracy,0.0065032516258129065,0.0065032516258129065,0.01250625312656328,0.030015007503751877,0.13706853426713356,0.06453226613306653,0.0025012506253126563,0.016008004002001,0.27563781890945466,Xenophobic
37,consumeproduct,0.0065,0.0015,0.041,0.0605,0.0705,0.053,0.015,0.036,0.284,General hate
38,coontown,0.024,0.007,0.023,0.046,0.065,0.37,0.011,0.015,0.561,Racist
39,cringeanarchy,0.0045,0.008,0.042,0.093,0.071,0.08,0.02,0.04,0.35850000000000004,General hate
40,cutefemalecorpses,0.001001001001001001,0.002002002002002002,0.02902902902902903,0.15315315315315314,0.044044044044044044,0.04004004004004004,0.02002002002002002,0.031031031031031032,0.3203203203203203,Misogynistic
41,darkenlightenment,0.009,0.015,0.021,0.0405,0.113,0.093,0.006,0.0145,0.312,Xenophobic
42,darkhumor,0.029,0.01,0.032,0.092,0.042,0.0975,0.006,0.0265,0.335,General hate
43,darkhumorandmemes,0.0030015007503751876,0.0025012506253126563,0.02301150575287644,0.09054527263631816,0.057028514257128564,0.07153576788394198,0.01150575287643822,0.060530265132566284,0.31965982991495745,General hate
44,darkjokecentral,0.0335167583791896,0.007503751875937969,0.03951975987993997,0.08254127063531766,0.04352176088044022,0.11455727863931967,0.009504752376188095,0.022511255627813906,0.35317658829414705,General hate
45,debatealtright,0.066,0.0175,0.016,0.023,0.1115,0.1975,0.0105,0.0095,0.4515,Racist
46,debatefascism,0.02,0.013,0.011,0.0135,0.176,0.091,0.0115,0.0105,0.34650000000000003,Xenophobic
47,delraymisfits,0.0025,0.0025,0.0575,0.07,0.027,0.0625,0.0225,0.0265,0.271,General hate
48,dolan,0.0,0.0005,0.026,0.045,0.0615,0.094,0.03,0.015,0.272,General hate
49,drama,0.0065,0.01,0.0575,0.083,0.081,0.081,0.0265,0.028,0.3735000000000001,General hate
50,edgy,0.0025,0.0015,0.0305,0.1155,0.0665,0.068,0.0135,0.0715,0.36950000000000005,General hate
51,edgydarkdankmemes,0.0045,0.006,0.0305,0.105,0.052,0.0845,0.018,0.075,0.3755,General hate
52,edgymemes,0.003501750875437719,0.0030015007503751876,0.02801400700350175,0.13006503251625812,0.08354177088544272,0.0750375187593797,0.013506753376688344,0.09654827413706854,0.4332166083041521,General hate
53,egalitarianism,0.001001001001001001,0.0035035035035035035,0.0065065065065065065,0.14314314314314314,0.03003003003003003,0.03053053053053053,0.009009009009009009,0.026026026026026026,0.24974974974974973,Misogynistic
54,emmaglover,0.0,0.0,0.0055,0.136,0.0175,0.0155,0.002,0.037,0.21350000000000005,Misogynistic
55,european,0.017,0.0655,0.0085,0.029,0.1945,0.064,0.0065,0.0115,0.3965,Islamophobic
56,europeannationalism,0.03203203203203203,0.04604604604604605,0.00950950950950951,0.03453453453453453,0.1841841841841842,0.1031031031031031,0.009009009009009009,0.013513513513513514,0.4319319319319319,Islamophobic
57,fascismreclaimed,0.005508262393590386,0.0035052578868302454,0.013019529293940912,0.020530796194291438,0.1772658988482724,0.07461191787681522,0.009013520280420632,0.019529293940911366,0.3229844767150726,Xenophobic
58,fatpeoplehate,0.0,0.003009027081243731,0.05315947843530592,0.16649949849548645,0.04513540621865597,0.029087261785356068,0.003009027081243731,0.012036108324974924,0.31193580742226684,Misogynistic
59,ferguson,0.009027081243731194,0.0010030090270812437,0.02106318956870612,0.044132397191574725,0.05215646940822467,0.3149448345035105,0.004012036108324975,0.031093279839518557,0.47743229689067196,Racist
60,foreveralone,0.0,0.0,0.03451725862931466,0.0670335167583792,0.018009004502251125,0.010005002501250625,0.007003501750875438,0.017508754377188594,0.15407703851925966,General hate
61,foreveralonedating,0.0,0.0005002501250625312,0.0080040020010005,0.025512756378189096,0.02001000500250125,0.007003501750875438,0.002001000500250125,0.009504752376188095,0.07253626813406704,General hate
62,foreverunwanted,0.001,0.001,0.0445,0.172,0.028,0.0215,0.0165,0.016,0.3005,Misogynistic
63,fpua,0.0,0.0,0.0025933609958506223,0.04771784232365145,0.006742738589211619,0.00466804979253112,0.006742738589211619,0.008817427385892116,0.07728215767634854,Misogynistic
65,frenworld,0.0015,0.001,0.0185,0.0265,0.039,0.054,0.0045,0.0085,0.1535,General hate
66,fuckyou,0.002,0.002,0.036,0.2825,0.0625,0.0235,0.0245,0.05,0.483,Misogynistic
67,gamersriseup,0.0035,0.0015,0.016,0.078,0.054,0.0735,0.007,0.033,0.26649999999999996,General hate
68,gavinmcinnes,0.005,0.006,0.0295,0.058,0.053,0.06,0.0345,0.027,0.273,General hate
69,gcdebatesqt,0.0,0.0,0.0035052578868302454,0.0385578367551327,0.011016524787180772,0.009514271407110666,0.019529293940911366,0.07661492238357537,0.1587381071607411,Anti-LGBTQ
70,gender_critical,0.0005002501250625312,0.0,0.009004502251125562,0.08604302151075538,0.014007003501750876,0.01200600300150075,0.03301650825412707,0.08404202101050526,0.23861930965482742,Anti-LGBTQ
71,gendercritical,0.0025,0.005,0.0065,0.1195,0.027,0.0215,0.0355,0.062,0.27949999999999997,Anti-LGBTQ
72,gendercriticalguys,0.0005,0.001,0.0085,0.076,0.027,0.019,0.0485,0.0635,0.244,Anti-LGBTQ
73,gendercynicalcritical,0.001,0.0005,0.0175,0.1245,0.023,0.023,0.042,0.087,0.3185,Anti-LGBTQ
74,greatapes,0.023,0.006,0.02,0.046,0.069,0.39,0.012,0.018,0.5840000000000001,Racist
75,greatawakening,0.002,0.0035,0.014,0.0305,0.1185,0.0635,0.004,0.0195,0.2555,Xenophobic
76,hatecrimehoaxes,0.0085,0.012,0.012,0.0445,0.089,0.152,0.01,0.0185,0.3465,Racist
77,hbd,0.010515773660490736,0.0030045067601402104,0.026539809714571858,0.018527791687531298,0.05358037055583375,0.09914872308462694,0.005007511266900351,0.013520280420630946,0.22984476715072608,Racist
78,heckoffcommie,0.002004008016032064,0.003006012024048096,0.022545090180360723,0.03907815631262525,0.06963927855711423,0.04909819639278557,0.014529058116232466,0.03156312625250501,0.23146292585170342,General hate
79,hitler,0.03984819734345351,0.004427577482605946,0.007590132827324478,0.03099304237824162,0.17204301075268819,0.06704617330803289,0.011385199240986717,0.021505376344086023,0.3548387096774193,Xenophobic
80,holocaust,0.1265,0.004,0.008,0.0215,0.1205,0.068,0.004,0.009,0.3615,Antisemitic
81,homophobes,0.0005878894767783657,0.005291005291005291,0.015873015873015872,0.029982363315696647,0.027630805408583186,0.01646090534979424,0.2757201646090535,0.0376249265138154,0.40917107583774254,Anti-LGBTQ
82,honkler,0.0045,0.003,0.029,0.057,0.086,0.1555,0.0175,0.0425,0.39499999999999996,General hate
83,imgoingtohellforthis,0.0030015007503751876,0.01200600300150075,0.026013006503251626,0.0945472736368184,0.06453226613306653,0.07703851925962982,0.017008504252126064,0.03601800900450225,0.33016508254127064,General hate
84,imgoingtohellforthis2,0.0035,0.0065,0.03,0.086,0.057,0.0845,0.015,0.056,0.3385,General hate
85,incel,0.005921539600296077,0.0014803849000740192,0.04071058475203553,0.14137675795706883,0.034048852701702444,0.02220577350111029,0.011843079200592153,0.01776461880088823,0.2753515914137676,Misogynistic
86,incels,0.00248015873015873,0.001984126984126984,0.04662698412698413,0.16220238095238096,0.03373015873015873,0.03422619047619048,0.013392857142857142,0.01984126984126984,0.314484126984127,Misogynistic
87,incelselfies,0.002001000500250125,0.0010005002501250625,0.0400200100050025,0.0750375187593797,0.030515257628814407,0.04052026013006503,0.013006503251625813,0.02801400700350175,0.2301150575287644,General hate
88,incelswithouthate,0.0,0.0,0.033,0.0865,0.0245,0.0305,0.013,0.0185,0.206,General hate
89,infowars,0.004497751124437781,0.0069965017491254375,0.017991004497751123,0.037481259370314844,0.12993503248375812,0.09095452273863068,0.01899050474762619,0.02348825587206397,0.33033483258370816,Xenophobic
90,intactivists,0.01200600300150075,0.010505252626313157,0.011005502751375688,0.03801900950475238,0.027013506753376687,0.013006503251625813,0.002001000500250125,0.013006503251625813,0.1265632816408204,Islamophobic
91,israelexposed,0.06603301650825413,0.017008504252126064,0.0080040020010005,0.021010505252626314,0.22661330665332666,0.03551775887943972,0.0010005002501250625,0.017508754377188594,0.392696348174087,Antisemitic
92,itsafetish,0.0,0.0015,0.0205,0.0905,0.0185,0.014,0.0505,0.0735,0.269,Anti-LGBTQ
93,jerktalkdiamond,0.002,0.0005,0.016,0.061,0.073,0.0785,0.0225,0.072,0.3255,General hate
94,justbewhite,0.0045,0.0075,0.016,0.086,0.0515,0.3525,0.007,0.0145,0.5395,Racist
95,kekistan,0.002,0.0055,0.023,0.0335,0.0815,0.106,0.007,0.0195,0.278,Xenophobic
96,kotakuinaction,0.0045,0.0055,0.016,0.0675,0.069,0.0665,0.0125,0.0125,0.254,Xenophobic
97,kotakuinaction2,0.005,0.0035,0.022,0.0665,0.1025,0.1025,0.0085,0.0245,0.335,Xenophobic
98,legoyoda,0.003,0.0095,0.0445,0.0615,0.0725,0.0795,0.0085,0.041,0.32,General hate
99,lgbdropthet,0.0015,0.0015,0.0155,0.0535,0.029,0.0265,0.1485,0.1045,0.3805,Anti-LGBTQ
100,louderwithcrowder,0.004502251125562781,0.00400200100050025,0.022511255627813906,0.061530765382691345,0.11105552776388194,0.1025512756378189,0.008504252126063032,0.0240120060030015,0.3386693346673337,Xenophobic
101,marriedredpill,0.0,0.0,0.022567703109327986,0.12587763289869608,0.011033099297893681,0.003009027081243731,0.014543630892678034,0.01053159478435306,0.18756268806419257,Misogynistic
102,masculism,0.0015,0.001,0.008,0.111,0.0125,0.0105,0.008,0.014,0.16650000000000004,Misogynistic
103,mdememes,0.0155,0.003,0.0255,0.069,0.0765,0.1035,0.028,0.0425,0.3635,General hate
104,me_ira,0.003,0.0025,0.007,0.049,0.1155,0.0495,0.001,0.0195,0.24699999999999997,Xenophobic
105,mefetishism,0.0,0.001,0.004,0.0575,0.006,0.012,0.082,0.0115,0.17400000000000002,Anti-LGBTQ
106,mensrights,0.00250501002004008,0.004008016032064128,0.012525050100200401,0.17685370741482967,0.03907815631262525,0.025050100200400802,0.005511022044088177,0.020541082164328657,0.28607214428857713,Misogynistic
107,metacanada,0.002,0.02,0.0265,0.036,0.1815,0.0655,0.0095,0.016,0.35700000000000004,Xenophobic
108,mgtow,0.0015,0.002,0.0175,0.2225,0.04,0.0215,0.0055,0.0215,0.332,Misogynistic
109,milliondollarextreme,0.0155,0.0055,0.029,0.065,0.0685,0.091,0.0205,0.0255,0.3205,General hate
110,moretankiechapo,0.0025,0.0035,0.012,0.029,0.2035,0.0735,0.005,0.0265,0.35550000000000004,Xenophobic
111,mr_trump,0.001,0.0225,0.0145,0.0935,0.1075,0.1085,0.015,0.019,0.3815,Xenophobic
112,nametheproblem,0.0015,0.0015,0.01,0.1145,0.0335,0.025,0.0085,0.025,0.2195,Misogynistic
113,nationalsocialism,0.14764764764764765,0.015515515515515516,0.00950950950950951,0.01701701701701702,0.16066066066066065,0.13363363363363365,0.013013013013013013,0.01001001001001001,0.5070070070070071,Antisemitic
114,nazi,0.0756134201301953,0.012018027040560842,0.018527791687531298,0.030545818728092138,0.1472208312468703,0.1186780170255383,0.00801201802704056,0.01702553830746119,0.4276414621932899,Antisemitic
115,new_right,0.016120906801007556,0.01712846347607053,0.01309823677581864,0.026700251889168764,0.13904282115869018,0.1355163727959698,0.005037783375314861,0.012594458438287154,0.36523929471032746,Xenophobic
116,niggawhat,0.0,0.0006397952655150352,0.022392834293026232,0.10748560460652591,0.04286628278950736,0.09980806142034548,0.008957133717210493,0.07421625079974409,0.35636596289187467,General hate
117,nomorals,0.0011607661056297156,0.0023215322112594312,0.042948345908299476,0.09402205455600697,0.053975623911781775,0.06500290191526407,0.01567034242600116,0.0412071967498549,0.31630876378409756,General hate
118,offensivememe,0.007,0.005,0.0275,0.141,0.0855,0.09,0.0125,0.107,0.4755,General hate
119,offensivememes,0.0075,0.004,0.0265,0.1195,0.0655,0.0745,0.009,0.0865,0.393,General hate
120,opieandanthony,0.0065,0.0025,0.052,0.093,0.033,0.08,0.045,0.017,0.329,General hate
121,opieandanthonyxyz,0.005871990604815032,0.0005871990604815032,0.04462712859659425,0.06283029947152084,0.051673517322372284,0.0716382853787434,0.08749266001174398,0.02524955960070464,0.3499706400469759,General hate
122,opienanthony,0.0075,0.002,0.0385,0.0755,0.0355,0.069,0.103,0.018,0.34900000000000003,General hate
123,physical_removal,0.0165,0.017,0.023,0.0425,0.181,0.105,0.0135,0.027,0.42550000000000004,Xenophobic
124,pickup,0.0,0.0,0.01053159478435306,0.08726178535606821,0.01805416248746239,0.007021063189568706,0.003510531594784353,0.015045135406218655,0.14142427281845538,Misogynistic
125,pol,0.017008504252126064,0.01950975487743872,0.028514257128564282,0.06603301650825413,0.12306153076538269,0.11855927963981991,0.01200600300150075,0.02301150575287644,0.4077038519259629,Xenophobic
126,pussypass,0.016508254127063533,0.007003501750875438,0.017008504252126064,0.21810905452726362,0.061530765382691345,0.060030015007503754,0.005502751375687844,0.017008504252126064,0.4027013506753377,Misogynistic
127,pussypassdenied,0.0015,0.0025,0.017,0.2495,0.047,0.0415,0.0055,0.03,0.39449999999999996,Misogynistic
128,race,0.003,0.0045,0.0125,0.0155,0.035,0.302,0.002,0.0145,0.389,Racist
129,radical_feminists,0.0,0.001876172607879925,0.006253908692933083,0.11694809255784866,0.01938711694809256,0.020637898686679174,0.010006253908692933,0.024390243902439025,0.19949968730456533,Misogynistic
130,redpillwives,0.0005002501250625312,0.0,0.0015007503751875938,0.05302651325662831,0.0050025012506253125,0.0025012506253126563,0.0025012506253126563,0.0065032516258129065,0.07153576788394196,Misogynistic
131,redpillwomen,0.0005002501250625312,0.0,0.005502751375687844,0.0655327663831916,0.0050025012506253125,0.004502251125562781,0.00400200100050025,0.007503751875937969,0.09254627313656828,Misogynistic
132,rightwinglgbt,0.003,0.0235,0.017,0.0445,0.077,0.086,0.109,0.035,0.395,General hate
134,seduction,0.0,0.0,0.009009009009009009,0.07257257257257257,0.013513513513513514,0.010510510510510511,0.0025025025025025025,0.014014014014014014,0.12212212212212213,Misogynistic
135,sham_sharma_show,0.0005002501250625312,0.02801400700350175,0.005502751375687844,0.028514257128564282,0.07703851925962982,0.048024012006003,0.0025012506253126563,0.02451225612806403,0.21460730365182593,Islamophobic
136,shhhhheeeeeeeeiiiitt,0.007530120481927711,0.0007530120481927711,0.021837349397590362,0.05120481927710843,0.04292168674698795,0.17018072289156627,0.009789156626506024,0.025602409638554216,0.32981927710843373,Racist
137,shitneoconssay,0.0305,0.0075,0.035,0.0365,0.1615,0.113,0.0195,0.0245,0.42800000000000005,Xenophobic
138,shitpoliticssays,0.004,0.0095,0.022,0.0385,0.181,0.1575,0.0065,0.013,0.432,Xenophobic
139,shortcels,0.0025,0.0015,0.0435,0.1025,0.0295,0.0425,0.051,0.015,0.28800000000000003,General hate
140,sjwhate,0.0080040020010005,0.01900950475237619,0.021010505252626314,0.09554777388694347,0.09004502251125562,0.1360680340170085,0.02001000500250125,0.0335167583791896,0.42321160580290146,Xenophobic
141,smuggies,0.0105,0.006,0.035,0.052,0.1215,0.101,0.013,0.0425,0.3815,Xenophobic
142,socialjusticeinaction,0.005,0.0065,0.0225,0.0865,0.0685,0.1465,0.021,0.036,0.3925,General hate
143,sodaniggas,0.0007662835249042146,0.0007662835249042146,0.022988505747126436,0.04827586206896552,0.07662835249042145,0.10191570881226053,0.009195402298850575,0.03524904214559387,0.2957854406130268,General hate
145,subforwhitepeopleonly,0.02301150575287644,0.009004502251125562,0.01950975487743872,0.03251625812906453,0.08904452226113056,0.25962981490745374,0.011005502751375688,0.022011005502751375,0.4657328664332166,Racist
147,tardtales,0.0025012506253126563,0.0005002501250625312,0.2671335667833917,0.03551775887943972,0.03401700850425213,0.04352176088044022,0.015507753876938469,0.017508754377188594,0.416208104052026,Ableist
148,teaniggas,0.001670843776106934,0.000835421888053467,0.015873015873015872,0.055973266499582286,0.05430242272347535,0.06683375104427736,0.000835421888053467,0.03592314118629908,0.2322472848788638,General hate
149,terfisaslur,0.0015007503751875938,0.0,0.017508754377188594,0.16208104052026012,0.029014507253626812,0.03401700850425213,0.07803901950975488,0.080040020010005,0.40220110055027514,Anti-LGBTQ
150,tgandsissyrecovery,0.0010025062656641604,0.0,0.014035087719298246,0.028070175438596492,0.010025062656641603,0.007518796992481203,0.03558897243107769,0.016040100250626566,0.11228070175438597,Anti-LGBTQ
151,the_donald,0.001,0.0155,0.017,0.067,0.1335,0.1055,0.008,0.02,0.36750000000000005,Xenophobic
152,the_europe,0.006003001500750375,0.064032016008004,0.01250625312656328,0.03301650825412707,0.22311155577788894,0.04752376188094047,0.0030015007503751876,0.015007503751875938,0.4042021010505253,Islamophobic
154,thecalmbeforethestorm,0.003,0.002,0.01,0.0195,0.1055,0.054,0.0005,0.009,0.20350000000000001,Xenophobic
155,thenewright,0.0035,0.012,0.015,0.055,0.1375,0.1195,0.006,0.0165,0.36500000000000005,Xenophobic
156,thereareonly2genders,0.0021321961620469083,0.00923951670220327,0.04193319118692253,0.06538734896943853,0.0511727078891258,0.026297085998578537,0.04619758351101635,0.11300639658848614,0.35536602700781805,Anti-LGBTQ
157,theredpill,0.0,0.0015,0.018,0.1735,0.024,0.022,0.012,0.0135,0.26449999999999996,Misogynistic
158,timdillon,0.004,0.002,0.037,0.0795,0.07,0.0605,0.0145,0.0205,0.28800000000000003,General hate
159,timpool,0.001,0.0005,0.026,0.0445,0.116,0.0865,0.0085,0.022,0.305,Xenophobic
160,trayvonmartin,0.006003001500750375,0.0010005002501250625,0.014507253626813406,0.04952476238119059,0.05152576288144072,0.2756378189094547,0.005502751375687844,0.015507753876938469,0.41920960480240116,Racist
161,trollgc,0.0,0.0015,0.0215,0.118,0.035,0.0235,0.031,0.0775,0.308,Anti-LGBTQ
162,trolling,0.0015,0.005,0.0215,0.093,0.067,0.0445,0.021,0.0445,0.298,General hate
163,truelesbians,0.0,0.001,0.0065,0.029,0.009,0.0065,0.1185,0.011,0.1815,Anti-LGBTQ
164,truerateme,0.0,0.001001001001001001,0.012512512512512513,0.05905905905905906,0.036036036036036036,0.011511511511511512,0.0015015015015015015,0.024024024024024024,0.14564564564564564,General hate
165,trufemcels,0.0,0.0,0.027,0.1285,0.02,0.037,0.007,0.0165,0.236,Misogynistic
166,tumblrinaction,0.0015,0.0025,0.03,0.1,0.048,0.1115,0.024,0.035,0.35250000000000004,General hate
167,uncensorednews,0.009504752376188095,0.03701850925462731,0.013006503251625813,0.04952476238119059,0.1340670335167584,0.09954977488744372,0.008504252126063032,0.010005002501250625,0.3611805902951476,Islamophobic
169,watchpeopledie,0.0015,0.012,0.025,0.0515,0.094,0.053,0.002,0.0145,0.2535,Xenophobic
170,watchredditdie,0.0065,0.0055,0.024,0.0635,0.112,0.0885,0.0155,0.0315,0.3470000000000001,Xenophobic
171,waterniggas,0.001,0.001,0.033,0.0395,0.0405,0.0675,0.0025,0.0245,0.20950000000000002,General hate
172,weekendgunnit,0.003,0.0015,0.0305,0.049,0.0705,0.0915,0.014,0.0255,0.28550000000000003,General hate
173,whitebeauty,0.013,0.001,0.013,0.0715,0.0445,0.1145,0.0055,0.0245,0.28750000000000003,Racist
174,whiterights,0.0525,0.026,0.0105,0.038,0.1345,0.228,0.008,0.011,0.5085000000000001,Racist
175,wingsofredemption,0.0005,0.002,0.048,0.047,0.046,0.089,0.0085,0.018,0.259,General hate
176,wojak,0.0015,0.002,0.041,0.077,0.0555,0.1195,0.008,0.044,0.3485,General hate
177,wpdtalk,0.0005002501250625312,0.0050025012506253125,0.02001000500250125,0.02451225612806403,0.062031015507753876,0.04502251125562781,0.0030015007503751876,0.013006503251625813,0.17308654327163583,Xenophobic
178,yallcantbehave,0.003000750187546887,0.0037509377344336083,0.04426106526631658,0.07651912978244561,0.072768192048012,0.09827456864216054,0.03225806451612903,0.056264066016504126,0.3870967741935484,General hate
179,yeagerbomb,0.0,0.002002002002002002,0.044044044044044044,0.06006006006006006,0.07007007007007007,0.036036036036036036,0.006006006006006006,0.024024024024024024,0.24224224224224222,General hate
